Case	DeltaPct	DeltaLabel	Turn	Full_SEM_s	Inc_SEM_s	GraphNodes	GraphEdges	DeltaInsertNodes	DeltaInsertEdges	DeltaDeleteNodes	DeltaDeleteEdges	ApplyDelTuples	ApplyDelRuleApps	ApplyDelFacts	ApplyInsTuples	ApplyInsRuleApps	ApplyInsFacts
P1	0.001	inc0p1	del	0.003499	0.019195	126	58	0	0	1	0	0	0	1	0	0	0
P1	0.001	inc0p1	ins	0.004370	0.005345	127	58	1	0	0	0	0	0	0	0	0	1
P1	0.003	inc0p3	del	0.002741	0.018330	126	58	0	0	1	0	0	0	1	0	0	0
P1	0.003	inc0p3	ins	0.004447	0.005228	127	58	1	0	0	0	0	0	0	0	0	1
P1	0.005	inc0p5	del	0.002707	0.018193	126	58	0	0	1	0	0	0	1	0	0	0
P1	0.005	inc0p5	ins	0.004335	0.005226	127	58	1	0	0	0	0	0	0	0	0	1
P10	0.001	inc0p1	del	0.026892	0.008153	9796	2305	0	0	39	34	34	34	5	0	0	0
P10	0.001	inc0p1	ins	0.023942	0.006722	9835	2339	39	34	0	0	0	0	0	34	34	5
P10	0.003	inc0p3	del	0.023359	0.010016	9188	1709	0	0	647	630	630	630	17	0	0	0
P10	0.003	inc0p3	ins	0.024779	0.010266	9835	2339	647	630	0	0	0	0	0	630	630	17
P10	0.005	inc0p5	del	0.021269	0.015232	8889	1421	0	0	946	918	918	918	28	0	0	0
P10	0.005	inc0p5	ins	0.026961	0.010490	9835	2339	946	918	0	0	0	0	0	918	918	28
P11	0.001	inc0p1	del	0.025699	0.006761	9588	2116	0	0	207	202	202	202	5	0	0	0
P11	0.001	inc0p1	ins	0.027443	0.006075	9795	2318	207	202	0	0	0	0	0	202	202	5
P11	0.003	inc0p3	del	0.022899	0.007427	9496	2036	0	0	299	282	282	282	17	0	0	0
P11	0.003	inc0p3	ins	0.026049	0.006829	9795	2318	299	282	0	0	0	0	0	282	282	17
P11	0.005	inc0p5	del	0.023558	0.009509	9087	1638	0	0	708	680	680	680	28	0	0	0
P11	0.005	inc0p5	ins	0.030199	0.008085	9795	2318	708	680	0	0	0	0	0	680	680	28
P12	0.001	inc0p1	del	0.042017	0.009517	10022	2267	0	0	60	55	55	55	5	0	0	0
P12	0.001	inc0p1	ins	0.040896	0.007936	10082	2322	60	55	0	0	0	0	0	55	55	5
P12	0.003	inc0p3	del	0.041654	0.014235	9931	2187	0	0	151	135	135	135	17	0	0	0
P12	0.003	inc0p3	ins	0.044834	0.010652	10082	2322	151	135	0	0	0	0	0	135	135	17
P12	0.005	inc0p5	del	0.043340	0.014885	9882	2150	0	0	200	172	172	172	29	0	0	0
P12	0.005	inc0p5	ins	0.044570	0.011421	10082	2322	200	172	0	0	0	0	0	172	172	29
P13	0.001	inc0p1	del	0.080504	0.018651	19538	4476	0	0	70	59	59	59	11	0	0	0
P13	0.001	inc0p1	ins	0.078645	0.018921	19608	4535	70	59	0	0	0	0	0	59	59	11
P13	0.003	inc0p3	del	0.089897	0.028930	19095	4055	0	0	513	480	480	480	34	0	0	0
P13	0.003	inc0p3	ins	0.083806	0.019227	19608	4535	513	480	0	0	0	0	0	480	480	34
P13	0.005	inc0p5	del	0.076842	0.039957	18914	3896	0	0	694	639	639	639	56	0	0	0
P13	0.005	inc0p5	ins	0.086775	0.021536	19608	4535	694	639	0	0	0	0	0	639	639	56
P14	0.001	inc0p1	del	0.118367	0.034401	29025	6648	0	0	117	102	102	102	16	0	0	0
P14	0.001	inc0p1	ins	0.121187	0.026199	29142	6750	117	102	0	0	0	0	0	102	102	16
P14	0.003	inc0p3	del	0.115925	0.050864	28370	6027	0	0	772	723	723	723	50	0	0	0
P14	0.003	inc0p3	ins	0.124986	0.035668	29142	6750	772	723	0	0	0	0	0	723	723	50
P14	0.005	inc0p5	del	0.112427	0.063756	27980	5671	0	0	1162	1079	1079	1079	84	0	0	0
P14	0.005	inc0p5	ins	0.126850	0.042897	29142	6750	1162	1079	0	0	0	0	0	1079	1079	84
P15	0.001	inc0p1	del	0.282987	0.062644	63882	13320	0	0	822	783	783	783	39	0	0	0
P15	0.001	inc0p1	ins	0.303107	0.072639	64704	14103	822	783	0	0	0	0	0	783	783	39
P15	0.003	inc0p3	del	0.271437	0.089140	62739	12255	0	0	1965	1848	1848	1848	117	0	0	0
P15	0.003	inc0p3	ins	0.292992	0.075532	64704	14103	1965	1848	0	0	0	0	0	1848	1848	117
P15	0.005	inc0p5	del	0.257257	0.122155	60730	10324	0	0	3974	3779	3779	3779	195	0	0	0
P15	0.005	inc0p5	ins	0.271391	0.092267	64704	14103	3974	3779	0	0	0	0	0	3779	3779	195
P16	0.001	inc0p1	del	0.491541	0.111369	102967	22070	0	0	2468	2408	2408	2408	60	0	0	0
P16	0.001	inc0p1	ins	0.461909	0.118450	105435	24478	2468	2408	0	0	0	0	0	2408	2408	60
P16	0.003	inc0p3	del	0.457816	0.165882	98895	18120	0	0	6540	6358	6358	6358	182	0	0	0
P16	0.003	inc0p3	ins	0.496812	0.133828	105435	24478	6540	6358	0	0	0	0	0	6358	6358	182
P16	0.005	inc0p5	del	0.453218	0.208012	95824	15168	0	0	9611	9310	9310	9310	304	0	0	0
P16	0.005	inc0p5	ins	0.507345	0.148637	105435	24478	9611	9310	0	0	0	0	0	9310	9310	304
P17	0.001	inc0p1	del	0.632342	0.149352	140929	30769	0	0	2655	2573	2573	2573	82	0	0	0
P17	0.001	inc0p1	ins	0.705827	0.142594	143584	33342	2655	2573	0	0	0	0	0	2573	2573	82
P17	0.003	inc0p3	del	0.617144	0.251547	133509	23515	0	0	10075	9827	9827	9827	248	0	0	0
P17	0.003	inc0p3	ins	0.687188	0.186718	143584	33342	10075	9827	0	0	0	0	0	9827	9827	248
P17	0.005	inc0p5	del	0.604730	0.274166	131608	21780	0	0	11976	11562	11562	11562	414	0	0	0
P17	0.005	inc0p5	ins	0.680678	0.213765	143584	33342	11976	11562	0	0	0	0	0	11562	11562	414
P18	0.001	inc0p1	del	0.858821	0.223300	174588	35174	0	0	7131	7027	7027	7027	104	0	0	0
P18	0.001	inc0p1	ins	0.980042	0.219555	181719	42201	7131	7027	0	0	0	0	0	7027	7027	104
P18	0.003	inc0p3	del	0.817493	0.318356	167954	28749	0	0	13765	13452	13452	13452	314	0	0	0
P18	0.003	inc0p3	ins	0.930080	0.257709	181719	42201	13765	13452	0	0	0	0	0	13452	13452	314
P18	0.005	inc0p5	del	0.841086	0.407771	164982	25987	0	0	16737	16214	16214	16214	524	0	0	0
P18	0.005	inc0p5	ins	0.987619	0.280935	181719	42201	16737	16214	0	0	0	0	0	16214	16214	524
P19	0.001	inc0p1	del	1.147607	0.308567	222452	46446	0	0	6971	6839	6839	6839	132	0	0	0
P19	0.001	inc0p1	ins	1.271270	0.262435	229423	53285	6971	6839	0	0	0	0	0	6839	6839	132
P19	0.003	inc0p3	del	0.974418	0.432969	211951	36210	0	0	17472	17075	17075	17075	397	0	0	0
P19	0.003	inc0p3	ins	1.111074	0.366844	229423	53285	17472	17075	0	0	0	0	0	17075	17075	397
P19	0.005	inc0p5	del	1.048812	0.552158	203994	28518	0	0	25429	24767	24767	24767	662	0	0	0
P19	0.005	inc0p5	ins	1.229155	0.413327	229423	53285	25429	24767	0	0	0	0	0	24767	24767	662
P20	0.001	inc0p1	del	0.947809	0.211445	225281	43337	0	0	1227	1081	1081	1081	146	0	0	0
P20	0.001	inc0p1	ins	0.920909	0.212245	226508	44418	1227	1081	0	0	0	0	0	1081	1081	146
P20	0.003	inc0p3	del	0.966780	0.271655	223617	41967	0	0	2891	2451	2451	2451	440	0	0	0
P20	0.003	inc0p3	ins	1.009965	0.228275	226508	44418	2891	2451	0	0	0	0	0	2451	2451	440
P20	0.005	inc0p5	del	0.975801	0.367136	222003	40646	0	0	4505	3772	3772	3772	733	0	0	0
P20	0.005	inc0p5	ins	0.996777	0.256179	226508	44418	4505	3772	0	0	0	0	0	3772	3772	733
P3	0.001	inc0p1	del	0.004346	0.000744	126	58	0	0	1	0	0	0	1	0	0	0
P3	0.001	inc0p1	ins	0.004520	0.001027	127	58	1	0	0	0	0	0	0	0	0	1
P3	0.003	inc0p3	del	0.004280	0.001232	126	58	0	0	1	0	0	0	1	0	0	0
P3	0.003	inc0p3	ins	0.004435	0.001219	127	58	1	0	0	0	0	0	0	0	0	1
P3	0.005	inc0p5	del	0.004341	0.001203	126	58	0	0	1	0	0	0	1	0	0	0
P3	0.005	inc0p5	ins	0.004375	0.000942	127	58	1	0	0	0	0	0	0	0	0	1
P4	0.001	inc0p1	del	0.000357	0.001277	87	17	0	0	3	2	2	2	1	0	0	0
P4	0.001	inc0p1	ins	0.000325	0.001099	90	19	3	2	0	0	0	0	0	2	2	1
P4	0.003	inc0p3	del	0.000321	0.001219	87	17	0	0	3	2	2	2	1	0	0	0
P4	0.003	inc0p3	ins	0.001181	0.000700	90	19	3	2	0	0	0	0	0	2	2	1
P4	0.005	inc0p5	del	0.000301	0.000934	87	17	0	0	3	2	2	2	1	0	0	0
P4	0.005	inc0p5	ins	0.000334	0.001671	90	19	3	2	0	0	0	0	0	2	2	1
P5	0.001	inc0p1	del	0.000298	0.001160	108	30	0	0	4	3	3	3	1	0	0	0
P5	0.001	inc0p1	ins	0.000307	0.001603	112	33	4	3	0	0	0	0	0	3	3	1
P5	0.003	inc0p3	del	0.000293	0.004857	108	30	0	0	4	3	3	3	1	0	0	0
P5	0.003	inc0p3	ins	0.000315	0.001274	112	33	4	3	0	0	0	0	0	3	3	1
P5	0.005	inc0p5	del	0.000357	0.001176	108	30	0	0	4	3	3	3	1	0	0	0
P5	0.005	inc0p5	ins	0.000440	0.001853	112	33	4	3	0	0	0	0	0	3	3	1
P6	0.001	inc0p1	del	0.000732	0.002429	247	59	0	0	6	5	5	5	1	0	0	0
P6	0.001	inc0p1	ins	0.000739	0.002886	253	64	6	5	0	0	0	0	0	5	5	1
P6	0.003	inc0p3	del	0.000702	0.002904	247	59	0	0	6	5	5	5	1	0	0	0
P6	0.003	inc0p3	ins	0.000713	0.002378	253	64	6	5	0	0	0	0	0	5	5	1
P6	0.005	inc0p5	del	0.000723	0.002779	247	59	0	0	6	5	5	5	1	0	0	0
P6	0.005	inc0p5	ins	0.000702	0.002365	253	64	6	5	0	0	0	0	0	5	5	1
P7	0.001	inc0p1	del	0.002028	0.002941	718	183	0	0	1	0	0	0	1	0	0	0
P7	0.001	inc0p1	ins	0.002058	0.002737	719	183	1	0	0	0	0	0	0	0	0	1
P7	0.003	inc0p3	del	0.002049	0.002665	718	183	0	0	1	0	0	0	1	0	0	0
P7	0.003	inc0p3	ins	0.001833	0.002393	719	183	1	0	0	0	0	0	0	0	0	1
P7	0.005	inc0p5	del	0.002359	0.003175	711	177	0	0	8	6	6	6	2	0	0	0
P7	0.005	inc0p5	ins	0.001876	0.003146	719	183	8	6	0	0	0	0	0	6	6	2
P8	0.001	inc0p1	del	0.004400	0.002883	1046	282	0	0	16	15	15	15	1	0	0	0
P8	0.001	inc0p1	ins	0.003985	0.002871	1062	297	16	15	0	0	0	0	0	15	15	1
P8	0.003	inc0p3	del	0.004048	0.002656	1046	282	0	0	16	15	15	15	1	0	0	0
P8	0.003	inc0p3	ins	0.003648	0.003024	1062	297	16	15	0	0	0	0	0	15	15	1
P8	0.005	inc0p5	del	0.003885	0.002677	1045	282	0	0	17	15	15	15	2	0	0	0
P8	0.005	inc0p5	ins	0.003741	0.002942	1062	297	17	15	0	0	0	0	0	15	15	2
P9	0.001	inc0p1	del	0.002508	0.002838	871	217	0	0	3	2	2	2	1	0	0	0
P9	0.001	inc0p1	ins	0.002324	0.002920	874	219	3	2	0	0	0	0	0	2	2	1
P9	0.003	inc0p3	del	0.002470	0.002797	871	217	0	0	3	2	2	2	1	0	0	0
P9	0.003	inc0p3	ins	0.002400	0.002833	874	219	3	2	0	0	0	0	0	2	2	1
P9	0.005	inc0p5	del	0.002519	0.007137	870	217	0	0	4	2	2	2	2	0	0	0
P9	0.005	inc0p5	ins	0.002329	0.003126	874	219	4	2	0	0	0	0	0	2	2	2
